datetime,feature,count,grid,gen_s,rast_s,enc_s,total_s,pixels_on,optimised
2026-08-11 23:02:14,points,100000,4096,0.063000,0.003000,0.735000,0.801000,94973,
2026-08-11 23:02:16,points,100000,8192,0.046000,0.009000,2.250000,2.305000,98717,
2026-08-11 23:02:25,points,100000,16384,0.063000,0.031000,8.192000,8.286000,99683,
2026-08-11 23:02:25,points,500000,4096,0.254000,0.011000,0.530000,0.795000,398263,
2026-08-11 23:02:28,points,500000,8192,0.340000,0.016000,2.185000,2.541000,469748,
2026-08-11 23:02:37,points,500000,16384,0.386000,0.066000,8.359000,8.811000,491934,
2026-08-11 23:02:38,points,1000000,4096,0.499000,0.011000,0.538000,1.048000,666818,
2026-08-11 23:02:41,points,1000000,8192,0.476000,0.022000,2.081000,2.579000,885697,
2026-08-11 23:02:49,points,1000000,16384,0.479000,0.052000,7.803000,8.334000,968418,
2026-08-11 23:02:52,points,5000000,4096,2.546000,0.047000,0.481000,3.074000,1486146,
2026-08-11 23:02:57,points,5000000,8192,2.667000,0.103000,2.263000,5.033000,3085507,
2026-08-11 23:03:09,points,5000000,16384,2.669000,0.126000,8.792000,11.587000,4308295,
2026-08-11 23:03:16,points,10000000,4096,6.089000,0.122000,0.600000,6.811000,1801571,
2026-08-11 23:03:26,points,10000000,8192,6.586000,0.176000,3.653000,10.415000,4519940,
2026-08-11 23:03:47,points,10000000,16384,8.317000,0.279000,11.835000,20.431000,7594634,
2026-08-11 23:04:12,points,50000000,4096,24.989000,0.350000,0.441000,25.780000,2386697,
2026-08-11 23:04:48,points,50000000,8192,33.003000,0.657000,2.103000,35.763000,7577640,
2026-08-11 23:05:34,points,50000000,16384,34.391000,1.228000,9.708000,45.327000,19974374,
2026-08-11 23:06:32,points,100000000,4096,57.105000,0.738000,0.499000,58.342000,2590629,
2026-08-11 23:07:37,points,100000000,8192,62.074000,1.313000,2.052000,65.439000,8627743,
2026-08-11 23:08:43,points,100000000,16384,55.465000,2.111000,7.885000,65.461000,25499335,
2026-08-11 23:08:44,lines,100000,4096,0.084000,0.043000,0.456000,0.583000,1566000,
2026-08-11 23:08:46,lines,100000,8192,0.094000,0.243000,2.266000,2.603000,5181664,
2026-08-11 23:08:55,lines,100000,16384,0.101000,0.500000,8.185000,8.786000,16063086,
2026-08-11 23:08:56,lines,500000,4096,0.475000,0.218000,0.497000,1.190000,2112221,
2026-08-11 23:09:00,lines,500000,8192,0.523000,0.732000,2.163000,3.418000,7550006,
2026-08-11 23:09:11,lines,500000,16384,0.584000,2.552000,8.106000,11.242000,26327260,
2026-08-11 23:09:13,lines,1000000,4096,0.959000,0.450000,0.422000,1.831000,2314252,
2026-08-11 23:09:17,lines,1000000,8192,1.082000,1.522000,1.951000,4.555000,8431670,
2026-08-11 23:09:31,lines,1000000,16384,0.962000,4.677000,7.827000,13.466000,30168129,
2026-08-11 23:09:38,lines,5000000,4096,4.615000,1.863000,0.402000,6.880000,2719519,
2026-08-11 23:09:49,lines,5000000,8192,4.625000,4.748000,1.792000,11.165000,10196534,
2026-08-11 23:10:24,lines,5000000,16384,4.927000,23.060000,7.005000,34.992000,37883697,
2026-08-11 23:10:39,lines,10000000,4096,10.666000,3.801000,0.394000,14.861000,2876329,
2026-08-11 23:11:05,lines,10000000,8192,9.837000,13.636000,2.047000,25.520000,10866307,
2026-08-11 23:12:13,lines,10000000,16384,12.648000,49.106000,6.951000,68.705000,40767077,
2026-08-11 23:13:24,lines,50000000,4096,52.282000,18.441000,0.413000,71.136000,3192392,
2026-08-11 23:15:09,lines,50000000,8192,52.333000,50.031000,1.727000,104.091000,12227562,
2026-08-11 23:20:02,lines,50000000,16384,51.875000,234.975000,6.847000,293.697000,46623364,
2026-08-11 23:22:17,lines,100000000,4096,96.819000,36.899000,0.465000,134.183000,3313298,
2026-08-11 23:26:07,lines,100000000,8192,110.121000,117.633000,1.938000,229.692000,12746862,
2026-08-11 23:36:20,lines,100000000,16384,120.614000,483.828000,8.733000,613.175000,48855515,
2026-08-12 00:13:01,polygons,10000,4096,0.013000,0.166000,0.430000,0.609000,1749039,
2026-08-12 00:18:30,points,1000,512,0.006000,0.001000,0.012000,0.019000,958,
2026-08-12 00:18:30,lines,1000,512,0.093000,0.000000,0.007000,0.100000,1778,
2026-08-12 00:18:30,polygons,1000,512,0.002000,0.000000,0.007000,0.009000,1282,
2026-08-12 00:19:41,polygons,10000,4096,0.014000,0.172000,0.406000,0.592000,1749039,
2026-08-12 00:20:00,polygons,10000,4096,0.019000,0.028000,0.414000,0.461000,1391360,
2026-08-12 00:20:39,polygons,10000,4096,0.013000,0.198000,0.420000,0.631000,1749039,
2026-08-12 00:20:56,polygons,10000,4096,0.027000,0.010000,0.404000,0.441000,486098,
2026-08-12 00:21:21,polygons,1000000,4096,1.734000,0.728000,0.406000,2.868000,2471701,
2026-08-12 00:26:05,polygons,100000000,4096,193.712000,75.072000,0.701000,269.485000,3515005,
2026-08-12 00:33:47,points,500,256,0.001000,0.000000,0.005000,0.006000,470,
2026-08-12 00:33:47,lines,500,256,0.002000,0.000000,0.004000,0.006000,835,
2026-08-12 00:33:47,polygons,500,256,0.301000,0.000000,0.003000,0.304000,636,
2026-08-12 11:50:56,polygons,100000,4096,0.155000,1.635000,0.377000,2.167000,2334538,
2026-08-12 11:51:05,polygons,500000,4096,0.627000,8.077000,0.388000,9.092000,2688725,
2026-08-12 11:51:23,polygons,1000000,4096,1.302000,15.586000,0.404000,17.292000,2821575,
2026-08-12 11:52:56,polygons,5000000,4096,6.414000,86.153000,0.415000,92.982000,3099326,
2026-08-12 11:56:02,polygons,10000000,4096,12.772000,172.841000,0.445000,186.058000,3210393,
2026-08-12 12:11:01,polygons,50000000,4096,69.556000,829.592000,0.393000,899.541000,3456167,
2026-08-12 12:46:01,polygons,100000000,4096,173.126000,1925.461000,0.378000,2098.965000,3562158,
2026-08-12 12:55:42,polygons,1,100,0.077000,0.000000,0.001000,0.078000,0,
2026-08-12 12:56:03,polygons,10,100,0.000000,0.000000,0.002000,0.002000,28,
2026-08-12 12:56:19,polygons,2,100,0.001000,0.000000,0.002000,0.003000,5,
2026-08-12 12:56:29,polygons,1,100,0.001000,0.000000,0.002000,0.003000,0,
2026-08-12 12:56:36,polygons,1,100,0.001000,0.000000,0.002000,0.003000,0,
2026-08-12 12:56:42,polygons,2,100,0.001000,0.000000,0.002000,0.003000,5,
2026-08-12 12:57:45,polygons,1,100,0.001000,0.000000,0.001000,0.002000,0,
2026-08-12 13:15:20,polygons,2,100,0.001000,0.000000,0.003000,0.004000,0,
2026-08-12 13:15:49,polygons,100,100,0.000000,0.001000,0.001000,0.002000,0,
2026-08-12 13:16:17,polygons,100,100,0.002000,0.000000,0.003000,0.005000,357,
2026-08-12 13:57:44,polygons,10000,4096,0.018000,0.204000,0.493000,0.715000,1749039,
2026-08-12 13:57:45,polygons,10000,4096,0.014000,0.193000,0.554000,0.761000,1749039,
2026-08-12 13:59:09,polygons,100,256,0.001000,0.002000,0.010000,0.013000,1544,
2026-08-12 14:01:46,polygons,100000,4096,0.143000,1.630000,0.397000,2.170000,2334538,
2026-08-12 14:01:55,polygons,100000,4096,0.140000,1.585000,0.376000,2.101000,2334538,
2026-08-12 14:02:13,polygons,100000,4096,0.123000,1.585000,0.404000,2.112000,2334538,
2026-08-12 14:02:17,polygons,100000,4096,0.160000,1.555000,0.392000,2.107000,2334538,
2026-08-12 14:02:21,polygons,100000,4096,0.130000,1.615000,0.410000,2.155000,2334538,
2026-08-12 14:02:26,polygons,100000,4096,0.137000,1.627000,0.388000,2.152000,2334538,
2026-08-12 14:02:29,polygons,100000,4096,0.126000,1.557000,0.395000,2.078000,2334538,
2026-08-12 14:02:33,polygons,100000,4096,0.130000,1.548000,0.402000,2.080000,2334538,
2026-08-12 14:02:36,polygons,100000,4096,0.124000,1.650000,0.430000,2.204000,2334538,
2026-08-12 14:03:00,polygons,1000000,4096,1.331000,15.665000,0.388000,17.384000,2821575,
2026-08-12 14:03:25,polygons,1000000,4096,1.409000,15.810000,0.372000,17.591000,2821575,
2026-08-12 14:04:34,polygons,1000,16384,0.004000,0.269000,7.217000,7.490000,16645498,
2026-08-12 14:04:43,polygons,1000,16384,0.003000,0.271000,6.624000,6.898000,16645498,
2026-08-12 14:04:53,polygons,1000,16384,0.003000,0.272000,6.686000,6.961000,16645498,
2026-08-12 14:05:01,polygons,1000,16384,0.002000,0.267000,6.700000,6.969000,16645498,
2026-08-12 14:05:11,polygons,1000,16384,0.003000,0.267000,6.780000,7.050000,16645498,
2026-08-12 14:23:54,polygons,1000,16384,0.003000,0.280000,6.676000,6.959000,16645498,0
2026-08-12 14:24:08,polygons,1000,16384,0.004000,0.282000,6.610000,6.896000,16645498,0
2026-08-12 14:24:17,polygons,1000,16384,0.003000,0.282000,6.812000,7.097000,16645498,0
2026-08-12 14:24:27,polygons,1000,16384,0.004000,0.263000,6.661000,6.928000,16645498,0
2026-08-12 14:24:36,polygons,1000,16384,0.003000,0.410000,7.160000,7.573000,16645498,0
2026-08-12 14:24:45,polygons,1000,16384,0.003000,0.276000,6.667000,6.946000,16645498,0
2026-08-12 14:25:05,polygons,1000,16384,0.002000,0.304000,6.535000,6.841000,16645498,0
2026-08-12 14:25:13,polygons,1000,16384,0.002000,0.281000,6.569000,6.852000,16645498,0
2026-08-12 14:25:21,polygons,1000,16384,0.002000,0.286000,6.870000,7.158000,16645498,0
2026-08-12 14:25:31,polygons,1000,16384,0.003000,0.280000,6.859000,7.142000,16645498,0
2026-08-12 14:25:58,polygons,1000,16384,0.002000,0.227000,6.613000,6.842000,16645498,1
2026-08-12 14:26:07,polygons,1000,16384,0.005000,0.231000,6.768000,7.004000,16645498,1
2026-08-12 14:26:16,polygons,1000,16384,0.004000,0.220000,7.092000,7.316000,16645498,1
2026-08-12 14:26:24,polygons,1000,16384,0.002000,0.256000,6.568000,6.826000,16645498,1
2026-08-12 14:26:32,polygons,1000,16384,0.002000,0.255000,6.727000,6.984000,16645498,1
2026-08-12 14:26:40,polygons,1000,16384,0.003000,0.225000,6.519000,6.747000,16645498,1
2026-08-12 14:26:48,polygons,1000,16384,0.002000,0.234000,6.812000,7.048000,16645498,1
2026-08-12 14:26:57,polygons,1000,16384,0.003000,0.226000,6.766000,6.995000,16645498,1
2026-08-12 14:27:07,polygons,1000,16384,0.002000,0.220000,6.586000,6.808000,16645498,1
2026-08-12 14:27:15,polygons,1000,16384,0.002000,0.251000,6.559000,6.812000,16645498,1

